id;street_address;postal_code;city;state_province
1;carefree granular;green female;Country Club;HTTP
2;evolve blue;Shoes;Jesusville;circuit qua South
3;Ergonomic up;Branding Executive drive;Kristincester;Liaison deploy bluetooth
4;Chrysler less;Hybrid North Copernicium;Port Vickietown;Bicycle green
5;Borders;male where huzzah;South Isabel;Coupe
6;Hybrid generate ha;Redlands;Stoltenbergfort;Northeast Klocko Metal
7;far crick;Ouguiya Kwacha;Kertzmannville;Southwest
8;24/7;primary Southwest;Country Club;West Southeast
9;synthesize;Classical Soul;Fort Oda;Electronics Junction
10;Direct Infrastructure;Hat Missouri Metical;Trujillo Alto;Arnoldo outside SMTP
